gene	cell	mean_umi	median_umi	mean_gene	median_gene
11519	2843	153.939148786493	38	69.9634189236722	34
11519	77	3855.1038961039	254	985	223
8585	77	3795.8961038961	253	936.883116883117	221
8498	45	6377.68888888889	393	1501.91111111111	315
8498	35	672.942857142857	349	446.228571428571	278
8498	45	6377.68888888889	393	1501.91111111111	315
8498	35	672.942857142857	349	446.228571428571	278
