gene	cell	mean_umi	median_umi	mean_gene	median_gene
18129	2998555	1.64868078124297	1	1.60167847513219	1
18129	5495	75.8376706096451	51	58.842220200182	45
8032	5495	75.2229299363057	50	58.2320291173794	45
5023	104	1018.39423076923	449.5	487.144230769231	327
5023	94	590.265957446809	449.5	379.957446808511	327
5023	103	1023.68932038835	449	488.728155339806	330
5023	93	591.52688172043	449	380.559139784946	330
