gene	cell	mean_umi	median_umi	mean_gene	median_gene
18129	2998555	1.64868078124297	1	1.60167847513219	1
18129	89	1192.84269662921	496	578.842696629213	372
4926	89	1139.24719101124	479	528.573033707865	351
4904	87	1161.54022988506	481	538.149425287356	359
4904	81	638.79012345679	474	404.481481481481	350
4904	86	1169.56976744186	485.5	540.662790697674	359.5
4904	80	640.8875	476.5	405.5125	350.5
