gene	cell	mean_umi	median_umi	mean_gene	median_gene
12019	18930	34.2146328578975	13	21.0641310089805	13
12019	72	4110.70833333333	271.5	1041.625	223.5
8580	72	4047.26388888889	269	990.111111111111	222.5
8497	44	6517.34090909091	395.5	1530.75	322
8497	34	685.941176470588	349.5	452.558823529412	278
8497	44	6517.34090909091	395.5	1530.75	322
8497	34	685.941176470588	349.5	452.558823529412	278
